season,game_type,week,away_team,away_score,home_team,home_score,result,total,overtime,away_moneyline,home_moneyline,spread_line,away_spread_odds,home_spread_odds,total_line,under_odds,over_odds,home_team_win,home_win_pct,home_ppg,home_opp_ppg,home_third_down_pct,home_third_down_stop_pct,home_sacks_per_game,home_turnover_diff,away_win_pct,away_ppg,away_opp_ppg,away_third_down_pct,away_third_down_stop_pct,away_sacks_per_game,away_turnover_diff
2025,REG,1,DAL,20,PHI,24,4,44,0,330,-425,8.5,-110,-110,47.5,-110,-110,1,,,,,,,,,,,,,,
2025,REG,1,TB,23,ATL,20,-3,43,0,-115,-105,-1.5,-102,-118,47.5,-105,-115,0,,,,,,,,,,,,,,
2025,REG,1,CIN,17,CLE,16,-1,33,0,-238,195,-5.5,-105,-115,47.5,100,-120,0,,,,,,,,,,,,,,
2025,REG,1,MIA,8,IND,33,25,41,0,-108,-112,1.5,-118,-102,47.5,-120,100,1,,,,,,,,,,,,,,
2025,REG,1,CAR,10,JAX,26,16,36,0,170,-205,4.5,-110,-110,45.5,-108,-112,1,,,,,,,,,,,,,,
2025,REG,1,LV,20,NE,13,-7,33,0,130,-155,2.5,100,-120,44.5,-115,-105,0,,,,,,,,,,,,,,
2025,REG,1,ARI,20,NO,13,-7,33,0,-270,220,-6.0,-108,-112,44.5,-112,-108,0,,,,,,,,,,,,,,
2025,REG,1,PIT,34,NYJ,32,-2,66,0,-155,130,-3.0,-110,-110,37.5,-108,-112,0,,,,,,,,,,,,,,
2025,REG,1,NYG,6,WAS,21,15,27,0,240,-298,6.0,-108,-112,45.5,-110,-110,1,,,,,,,,,,,,,,
2025,REG,1,TEN,12,DEN,20,8,32,0,350,-455,8.5,-105,-115,42.5,-108,-112,1,,,,,,,,,,,,,,
2025,REG,1,SF,17,SEA,13,-4,30,0,-135,114,-2.5,-105,-115,43.5,-112,-108,0,,,,,,,,,,,,,,
2025,REG,1,DET,13,GB,27,14,40,0,100,-120,1.5,-115,-105,48.5,-115,-105,1,,,,,,,,,,,,,,
2025,REG,1,HOU,9,LA,14,5,23,0,140,-166,3.5,-118,-102,43.5,-115,-105,1,,,,,,,,,,,,,,
2025,REG,1,BAL,40,BUF,41,1,81,0,-130,110,-1.5,-118,-102,50.5,-105,-115,1,,,,,,,,,,,,,,
2025,REG,1,MIN,27,CHI,24,-3,51,0,-112,-108,-1.5,100,-120,43.5,-112,-108,0,,,,,,,,,,,,,,
2025,REG,1,KC,21,LAC,27,6,48,0,-175,145,-3.0,-120,100,47.5,-110,-110,1,,,,,,,,,,,,,,
2025,REG,2,TB,20,HOU,19,-1,39,0,114,-135,2.5,-110,-110,42.5,-110,-110,0,0.0,9.0,14.0,0.18181818181818182,0.5333333333333333,3.0,-1.0,1.0,23.0,20.0,0.5,0.625,1.0,0.0
2025,REG,2,SF,26,NO,21,-5,47,0,-166,140,-3.0,-110,-110,40.5,-105,-115,0,0.0,13.0,20.0,0.2777777777777778,0.6,5.0,0.0,1.0,17.0,13.0,0.4375,0.7272727272727273,1.0,0.0
2025,REG,2,JAX,27,CIN,31,4,58,0,160,-192,3.5,-115,-105,49.5,-115,-105,1,1.0,17.0,16.0,0.5,0.5263157894736843,2.0,2.0,1.0,26.0,10.0,0.4166666666666667,0.5,1.0,2.0
2025,REG,2,NYG,37,DAL,40,3,77,1,195,-238,4.5,100,-120,44.5,-110,-110,1,0.0,20.0,24.0,0.5833333333333334,0.3846153846153846,1.0,-1.0,0.0,6.0,21.0,0.21052631578947367,0.6666666666666667,3.0,0.0
2025,REG,2,CHI,21,DET,52,31,73,0,220,-270,6.0,-110,-110,46.5,-112,-108,1,0.0,13.0,27.0,0.3333333333333333,0.6363636363636364,0.0,-1.0,0.0,24.0,27.0,0.21428571428571427,0.8,3.0,0.0
2025,REG,2,NE,33,MIA,27,-6,60,0,105,-125,1.5,-110,-110,43.5,-115,-105,0,0.0,8.0,33.0,0.5,0.5333333333333333,1.0,-3.0,0.0,13.0,20.0,0.25,0.6428571428571428,4.0,0.0
2025,REG,2,BUF,30,NYJ,10,-20,40,0,-290,235,-6.0,-112,-108,47.5,-110,-110,0,0.0,32.0,34.0,0.5,0.6666666666666667,4.0,-1.0,1.0,41.0,40.0,0.3888888888888889,0.5384615384615384,2.0,1.0
2025,REG,2,SEA,31,PIT,17,-14,48,0,160,-192,3.5,-110,-110,40.5,-108,-112,0,1.0,34.0,32.0,0.3333333333333333,0.5,1.0,1.0,0.0,13.0,17.0,0.2727272727272727,0.5625,1.0,0.0
2025,REG,2,LA,33,TEN,19,-14,52,0,-250,205,-5.5,-108,-112,41.5,-112,-108,0,0.0,12.0,20.0,0.14285714285714285,0.6470588235294117,1.0,0.0,1.0,14.0,9.0,0.4666666666666667,0.8181818181818181,3.0,1.0
2025,REG,2,CAR,22,ARI,27,5,49,0,250,-310,7.0,-110,-110,45.5,-110,-110,1,1.0,20.0,13.0,0.4,0.7222222222222222,1.0,0.0,0.0,10.0,26.0,0.5,0.5833333333333333,0.0,-2.0
2025,REG,2,DEN,28,IND,29,1,57,0,-130,110,-2.5,-105,-115,43.5,-112,-108,1,1.0,33.0,8.0,0.4666666666666667,0.5,3.0,3.0,1.0,20.0,12.0,0.35294117647058826,0.8571428571428572,6.0,0.0
2025,REG,2,PHI,20,KC,17,-3,37,0,-122,102,-1.5,-110,-110,46.5,-102,-118,0,0.0,21.0,27.0,0.3125,0.5,3.0,0.0,1.0,24.0,20.0,0.6153846153846154,0.41666666666666663,0.0,1.0
2025,REG,2,ATL,22,MIN,6,-16,28,0,150,-180,3.5,-115,-105,44.5,-110,-110,0,1.0,27.0,24.0,0.2,0.7857142857142857,2.0,0.0,0.0,20.0,23.0,0.375,0.5,1.0,0.0
2025,REG,2,LAC,20,LV,9,-11,29,0,-198,164,-3.5,-105,-115,46.5,-102,-118,0,1.0,20.0,13.0,0.35714285714285715,0.75,4.0,0.0,1.0,27.0,21.0,0.5,0.6875,2.0,0.0
2025,REG,2,CLE,17,BAL,41,24,58,0,600,-900,12.5,-105,-115,46.5,-110,-110,1,0.0,40.0,41.0,0.46153846153846156,0.6111111111111112,1.0,-1.0,0.0,16.0,17.0,0.47368421052631576,0.5,3.0,-2.0
2025,REG,2,WAS,18,GB,27,9,45,0,154,-185,3.5,-118,-102,48.5,-105,-115,1,1.0,27.0,13.0,0.36363636363636365,0.6666666666666667,4.0,1.0,1.0,21.0,6.0,0.3333333333333333,0.7894736842105263,2.0,0.0
2025,REG,3,DAL,14,CHI,31,17,45,0,-125,105,-1.5,-115,-105,49.5,100,-120,1,0.0,22.5,39.5,0.35714285714285715,0.7,1.5,-1.0,0.5,30.0,30.5,0.4681372549019608,0.4923076923076923,2.0,-0.5
2025,REG,3,ARI,15,SF,16,1,31,0,105,-125,1.5,-112,-108,44.5,-112,-108,1,1.0,21.5,17.0,0.4409722222222222,0.7097902097902098,2.0,0.0,1.0,23.5,17.5,0.33636363636363636,0.7295321637426901,2.0,0.5
2025,REG,3,KC,22,NYG,9,-13,31,0,-325,260,-6.0,-115,-105,44.5,-105,-115,0,0.0,21.5,30.5,0.30526315789473685,0.6568627450980392,3.0,0.0,0.0,19.0,23.5,0.2895833333333333,0.59375,2.5,-0.5
2025,REG,3,DET,38,BAL,30,-8,68,0,200,-245,4.5,-105,-115,53.5,-105,-115,0,0.5,40.5,29.0,0.34615384615384615,0.6213450292397661,1.5,0.5,0.5,32.5,24.0,0.3666666666666667,0.5681818181818181,2.0,0.5
2025,REG,3,DEN,20,LAC,23,3,43,0,130,-155,2.5,100,-120,45.5,-110,-110,1,1.0,23.5,15.0,0.41666666666666663,0.6294642857142857,2.5,1.0,0.5,24.0,20.5,0.3582887700534759,0.6978021978021978,3.5,-0.5
2025,REG,3,NO,13,SEA,44,31,57,0,295,-375,7.5,-115,-105,41.5,-108,-112,1,0.5,22.0,17.0,0.35064935064935066,0.6341911764705882,2.0,0.0,0.0,17.0,23.0,0.29273504273504275,0.5777777777777777,4.0,0.0
2025,REG,3,LV,24,WAS,41,17,65,0,130,-155,2.5,100,-120,43.5,-110,-110,1,0.5,19.5,16.5,0.3055555555555556,0.7024291497975709,2.0,0.0,0.5,14.5,16.5,0.39285714285714285,0.7083333333333334,3.0,-1.0
2025,REG,3,IND,41,TEN,20,-21,61,0,-245,200,-6.0,-108,-112,43.5,-115,-105,0,0.0,15.5,26.5,0.24789915966386555,0.6151960784313725,1.0,0.0,1.0,31.0,18.0,0.4641025641025641,0.5681818181818181,1.5,2.0
2025,REG,3,NYJ,27,TB,29,2,56,0,275,-345,6.5,-105,-115,43.5,-115,-105,1,1.0,21.5,19.5,0.4642857142857143,0.7013888888888888,2.0,0.0,0.0,21.0,32.0,0.25,0.6862745098039216,2.5,-1.0
2025,REG,3,LA,26,PHI,33,7,59,0,164,-198,3.5,-108,-112,45.5,-108,-112,1,1.0,22.0,18.5,0.4639423076923077,0.575,1.0,1.0,1.0,23.5,14.0,0.44166666666666665,0.7326203208556149,4.0,0.5
2025,REG,3,PIT,21,NE,14,-7,35,0,-120,100,-1.5,-105,-115,44.5,-112,-108,0,0.5,23.0,23.5,0.4166666666666667,0.6547619047619048,4.5,0.5,0.5,25.5,31.5,0.3137254901960784,0.5357142857142857,1.5,0.5
2025,REG,3,CIN,10,MIN,48,38,58,0,136,-162,3.0,-110,-110,41.5,-105,-115,1,0.5,16.5,23.0,0.26666666666666666,0.7053571428571428,2.5,-0.5,1.0,24.0,21.5,0.4642857142857143,0.5323886639676114,1.5,0.5
2025,REG,3,HOU,10,JAX,17,7,27,0,105,-125,1.5,-108,-112,43.5,-115,-105,1,0.5,26.5,20.5,0.4391025641025641,0.5357142857142857,2.0,1.5,0.0,14.0,17.0,0.20202020202020202,0.5523809523809524,3.5,-0.5
2025,REG,3,GB,10,CLE,13,3,23,0,-470,360,-8.5,-102,-118,41.5,-115,-105,1,0.0,16.5,29.0,0.42105263157894735,0.6346153846153846,3.0,-2.0,1.0,27.0,15.5,0.37412587412587417,0.6944444444444444,4.0,0.5
2025,REG,3,ATL,0,CAR,30,30,30,0,-225,185,-5.5,-105,-115,44.5,-115,-105,1,0.0,16.0,26.5,0.381578947368421,0.6553030303030303,0.5,-1.5,0.5,21.0,14.5,0.375,0.5833333333333334,3.5,0.5
2025,REG,3,MIA,21,BUF,31,10,52,0,550,-800,12.5,-110,-110,50.5,-112,-108,1,1.0,35.5,25.0,0.3415032679738562,0.7692307692307692,3.0,1.0,0.0,17.5,33.0,0.41666666666666663,0.475,2.0,-2.0
2025,REG,4,CIN,3,DEN,28,25,31,0,360,-470,7.5,-115,-105,44.5,-115,-105,1,0.3333333333333333,22.666666666666668,21.333333333333332,0.2901412313177019,0.6416720534367593,4.0,0.3333333333333333,0.6666666666666666,19.333333333333332,30.333333333333332,0.39285714285714285,0.5930210140736457,2.0,-1.3333333333333333
2025,REG,4,NYJ,21,MIA,27,6,48,0,124,-148,2.5,-105,-115,44.5,-120,100,1,0.0,18.666666666666668,32.333333333333336,0.5,0.4681818181818182,2.0,-1.6666666666666667,0.0,23.0,31.0,0.25757575757575757,0.7241830065359478,2.0,-1.3333333333333333
2025,REG,4,GB,40,DAL,40,0,80,1,-345,275,-7.0,-105,-115,47.5,-115,-105,0,0.3333333333333333,24.666666666666668,30.666666666666668,0.38352007469654525,0.471062271062271,1.3333333333333333,-1.6666666666666667,0.6666666666666666,21.333333333333332,14.666666666666666,0.38830613830613836,0.726120857699805,3.3333333333333335,0.3333333333333333
2025,REG,4,CHI,25,LV,24,-1,49,0,105,-125,1.5,-110,-110,47.5,-105,-115,0,0.3333333333333333,17.666666666666668,24.666666666666668,0.3333333333333333,0.6666666666666666,2.3333333333333335,-0.3333333333333333,0.3333333333333333,25.333333333333332,31.0,0.42857142857142855,0.7285714285714285,1.6666666666666667,0.6666666666666666
2025,REG,4,BAL,20,KC,37,17,57,0,-148,124,-2.5,-120,100,48.5,100,-120,1,0.3333333333333333,20.0,18.666666666666668,0.3499183006535948,0.6988636363636364,2.3333333333333335,0.3333333333333333,0.3333333333333333,37.0,32.0,0.3974358974358974,0.580896686159844,1.0,0.0
2025,REG,4,JAX,26,SF,21,-5,47,0,150,-180,3.5,-120,100,45.5,-108,-112,0,1.0,19.666666666666668,16.333333333333332,0.3545875420875421,0.6954156954156954,1.6666666666666667,-0.3333333333333333,0.6666666666666666,23.333333333333332,17.0,0.3668091168091168,0.6071428571428571,2.0,1.6666666666666667
2025,REG,4,IND,20,LA,27,7,47,0,154,-185,3.5,-105,-115,49.5,-105,-115,1,0.6666666666666666,24.333333333333332,20.333333333333332,0.3713675213675214,0.7026992615227909,4.0,0.3333333333333333,1.0,34.333333333333336,18.666666666666668,0.3834757834757834,0.6079545454545454,2.3333333333333335,1.6666666666666667
2025,REG,4,PHI,31,TB,25,-6,56,0,-185,154,-3.5,-102,-118,44.5,-118,-102,0,1.0,24.0,22.0,0.3761904761904762,0.7100168350168351,2.6666666666666665,0.6666666666666666,1.0,25.666666666666668,21.0,0.4283424908424909,0.6397435897435897,1.0,0.6666666666666666
2025,REG,4,LAC,18,NYG,21,3,39,0,-285,230,-6.0,-112,-108,43.5,-115,-105,1,0.0,17.333333333333332,27.666666666666668,0.2338118022328549,0.6143790849673203,2.6666666666666665,-0.6666666666666666,1.0,23.333333333333332,16.666666666666668,0.43464052287581695,0.7016941391941391,2.3333333333333335,0.0
2025,REG,4,CAR,13,NE,42,29,55,0,215,-265,5.5,-108,-112,42.5,-108,-112,1,0.3333333333333333,20.0,22.666666666666668,0.41111111111111115,0.6587301587301587,3.0,-1.0,0.3333333333333333,20.666666666666668,17.666666666666668,0.3210526315789473,0.6511544011544012,0.3333333333333333,0.3333333333333333
2025,REG,4,TEN,0,HOU,26,26,26,0,340,-440,7.5,-115,-105,39.5,-105,-115,1,0.0,12.666666666666666,17.0,0.218013468013468,0.6275132275132275,3.0,-1.0,0.0,17.0,31.333333333333332,0.2694327731092437,0.6693899782135077,0.6666666666666666,-0.3333333333333333
2025,REG,4,CLE,10,DET,34,24,44,0,410,-550,10.0,-108,-112,44.5,-115,-105,1,0.6666666666666666,34.333333333333336,26.0,0.41111111111111115,0.5454545454545454,3.6666666666666665,0.6666666666666666,0.3333333333333333,15.333333333333334,22.666666666666668,0.3508771929824561,0.6175213675213674,3.6666666666666665,-1.3333333333333333
2025,REG,4,NO,19,BUF,31,12,50,0,800,-1350,15.5,-115,-105,48.5,-115,-105,1,1.0,34.0,23.666666666666668,0.40948702713408597,0.6239316239316239,2.0,1.0,0.0,15.666666666666666,30.0,0.3062678062678063,0.6276094276094276,2.6666666666666665,0.0
2025,REG,4,WAS,27,ATL,34,7,61,0,120,-142,2.5,-110,-110,43.5,-112,-108,1,0.3333333333333333,14.0,19.666666666666668,0.36904761904761907,0.6555555555555556,2.6666666666666665,-1.0,0.6666666666666666,26.666666666666668,19.0,0.3425925925925926,0.7301908617698092,3.0,-0.3333333333333333
2025,REG,4,MIN,21,PIT,24,3,45,0,-148,124,-2.5,-125,105,41.5,-115,-105,1,0.6666666666666666,24.0,25.666666666666668,0.3202614379084967,0.557142857142857,2.6666666666666665,1.6666666666666667,0.6666666666666666,27.0,18.666666666666668,0.273015873015873,0.7202380952380952,3.0,1.3333333333333333
2025,REG,4,SEA,23,ARI,20,-3,43,0,-125,105,-1.5,-110,-110,43.5,-108,-112,0,0.6666666666666666,20.666666666666668,17.0,0.33535353535353535,0.7590820485557327,1.6666666666666667,0.6666666666666666,0.6666666666666666,29.333333333333332,15.666666666666666,0.3246753246753247,0.6450163398692811,2.0,0.0
2025,REG,5,NE,23,BUF,20,-3,43,0,310,-395,7.5,-105,-115,49.5,-108,-112,0,1.0,33.25,22.5,0.37529708853238264,0.6217948717948718,2.25,0.75,0.5,25.5,20.25,0.38333333333333336,0.6607142857142858,2.5,-0.75
2025,REG,5,KC,28,JAX,31,3,59,0,-198,164,-3.5,-110,-110,45.5,-108,-112,1,0.75,24.0,18.0,0.33393036701860235,0.551510989010989,1.75,2.25,0.5,24.25,19.0,0.3457720588235294,0.7059659090909092,2.5,0.75
2025,REG,5,WAS,27,LAC,10,-17,37,0,130,-155,2.5,100,-120,47.5,-115,-105,0,0.75,22.0,17.75,0.39264705882352935,0.6841653412377096,3.25,-0.5,0.5,26.75,22.75,0.28472222222222227,0.6726431463273569,2.5,-0.25
2025,REG,5,DET,37,CIN,24,-13,61,0,-575,425,-10.5,-102,-118,49.5,-112,-108,0,0.5,15.25,29.75,0.33310439560439564,0.5519086176980914,1.5,-0.75,0.75,34.25,22.0,0.4083333333333333,0.6090909090909091,3.5,1.0
2025,REG,5,TB,38,SEA,35,-3,73,0,150,-180,3.5,-115,-105,44.5,-110,-110,0,0.75,27.75,16.75,0.35064935064935066,0.6400122549019608,3.0,0.75,0.75,24.25,24.25,0.33214285714285713,0.693226911976912,2.5,0.0
2025,REG,5,TEN,22,ARI,21,-1,43,0,330,-425,7.5,-108,-112,41.5,-110,-110,0,0.5,20.5,18.5,0.3452651515151515,0.7121686792739423,2.0,-0.25,0.0,12.75,30.0,0.24752912528647825,0.6520424836601307,1.0,-0.5
2025,REG,5,DEN,21,PHI,17,-4,38,0,180,-218,3.5,-105,-115,44.5,-115,-105,0,1.0,27.0,22.0,0.41054258241758246,0.6798076923076923,1.25,1.0,0.5,24.0,16.75,0.36046306634541925,0.692792501616031,3.75,0.0
2025,REG,5,DAL,37,NYJ,22,-15,59,0,-105,-115,1.5,-120,100,48.5,-110,-110,0,0.0,22.5,30.0,0.2931818181818182,0.716214177978884,1.5,-1.75,0.25,28.5,33.0,0.37097338935574226,0.45623787976729147,1.25,-1.0
2025,REG,5,NYG,14,NO,26,12,40,0,100,-120,1.5,-115,-105,41.5,-105,-115,1,0.0,16.5,30.25,0.32585470085470086,0.6525252525252525,2.75,0.0,0.25,18.25,25.25,0.2674641148325359,0.6441176470588236,2.5,0.0
2025,REG,5,LV,6,IND,40,34,46,0,285,-360,7.0,100,-120,46.5,-108,-112,1,0.75,30.75,20.75,0.3645299145299145,0.6226325757575757,2.5,0.75,0.25,19.25,24.75,0.3125,0.6470588235294118,2.0,-1.0
2025,REG,5,MIA,24,CAR,27,3,51,0,-120,100,-1.5,-105,-115,44.5,-105,-115,1,0.25,18.75,23.75,0.3241228070175438,0.6633658008658008,0.5,0.25,0.25,20.75,29.5,0.4519230769230769,0.5011363636363636,2.0,-0.5
2025,REG,5,HOU,44,BAL,10,-34,54,0,-148,124,-2.5,-118,-102,41.5,-115,-105,0,0.25,32.75,33.25,0.36625874125874125,0.6023391812865497,1.0,-0.5,0.25,16.0,12.75,0.26351010101010097,0.6751803751803751,2.75,-0.5
2025,REG,5,MIN,21,CLE,17,-4,38,0,-198,164,-3.5,-110,-110,35.5,-112,-108,0,0.25,14.0,25.5,0.3131578947368421,0.6131410256410256,2.75,-1.5,0.5,25.5,20.0,0.2714285714285714,0.6901785714285714,2.75,0.5
2025,REG,5,SF,26,LA,23,-3,49,1,340,-440,8.5,-110,-110,43.5,-108,-112,0,0.75,25.0,20.25,0.36185897435897435,0.7001013692190163,3.5,0.75,0.75,20.0,18.75,0.41978681041181043,0.7127382421500068,1.25,-1.25
2025,REG,6,DET,17,KC,30,13,47,0,120,-142,2.5,-105,-115,51.5,-105,-115,1,0.4,25.0,21.4,0.38772875816993463,0.6814393939393939,2.6,0.8,0.8,34.8,22.4,0.37666666666666665,0.633939393939394,3.2,1.2
2025,REG,6,BUF,14,ATL,24,10,38,0,-205,170,-3.5,-120,100,49.5,-102,-118,1,0.5,19.0,21.5,0.4017857142857143,0.7138888888888889,2.5,-0.75,0.8,30.6,22.6,0.4113487819370173,0.6512820512820513,2.6,0.2
2025,REG,6,CHI,25,WAS,24,-1,49,0,210,-258,5.5,-108,-112,49.5,-105,-115,0,0.6,26.8,20.2,0.2611111111111112,0.6256145170618855,3.0,0.0,0.5,25.25,29.25,0.4243697478991596,0.7339285714285714,1.25,1.25
2025,REG,6,SF,19,TB,30,11,49,0,160,-192,3.5,-105,-115,46.5,-105,-115,1,0.8,27.0,26.4,0.3823809523809524,0.6345815295815296,2.0,0.4,0.8,21.2,19.6,0.4095136588557641,0.7035239270533389,1.2,-0.6
2025,REG,6,CIN,18,GB,27,9,45,0,650,-1000,14.0,-110,-110,44.5,-110,-110,1,0.75,26.0,21.0,0.4382884272590155,0.7112573099415205,2.75,0.0,0.4,17.0,31.2,0.3198168498168498,0.5915268941584731,2.0,-1.0
2025,REG,6,TEN,10,LV,20,10,30,0,154,-185,3.5,-110,-110,41.5,-105,-115,1,0.2,16.6,27.8,0.35666666666666663,0.5843137254901961,1.6,-1.2,0.2,14.6,28.2,0.2646899668958492,0.6438562091503268,1.4,-0.6
2025,REG,6,PHI,17,NYG,34,17,51,0,-395,310,-7.0,-120,100,40.5,-105,-115,1,0.2,17.4,25.4,0.26851674641148326,0.6375163398692811,2.0,-1.0,0.8,25.0,21.8,0.3592032967032967,0.6850226244343892,1.4,0.8
2025,REG,6,DEN,13,NYJ,11,-2,24,0,-395,310,-7.5,100,-120,43.5,-112,-108,0,0.0,22.4,31.4,0.31689839572192513,0.6806636500754148,1.4,-1.6,0.6,23.4,16.8,0.34719398248810013,0.723464770523594,4.2,0.0
2025,REG,6,CLE,9,PIT,23,14,32,0,225,-278,5.5,100,-120,37.5,100,-120,1,0.75,24.0,24.5,0.34019607843137256,0.6011904761904762,3.5,1.75,0.2,14.6,24.6,0.2858204334365325,0.6405128205128204,2.8,-0.8
2025,REG,6,LA,17,BAL,3,-14,20,0,-355,280,-7.0,-105,-115,43.5,-108,-112,0,0.2,28.2,35.4,0.368006993006993,0.5741790373369321,1.2,-1.0,0.6,24.6,21.4,0.35615384615384615,0.6863968848488973,3.0,0.2
2025,REG,6,DAL,27,CAR,30,3,57,0,-175,145,-3.0,-118,-102,47.5,-105,-115,1,0.4,20.4,23.8,0.33622132253711196,0.6537695637695637,1.0,-0.2,0.4,30.2,30.8,0.3890864037922861,0.4826373626373626,2.0,-0.6
2025,REG,6,ARI,27,IND,31,4,58,0,360,-470,8.5,-110,-110,46.5,-122,102,1,0.8,32.6,17.8,0.42495726495726494,0.5914393939393939,2.8,1.0,0.4,20.6,19.2,0.35398989898989897,0.7030682767524873,2.0,0.0
2025,REG,6,SEA,20,JAX,12,-8,32,0,-115,-105,-1.5,100,-120,47.5,-115,-105,0,0.8,25.4,20.0,0.3504776269482152,0.5300976800976802,1.4,1.6,0.6,29.2,21.0,0.40051948051948055,0.595343137254902,2.6,0.2
2025,REG,6,LAC,29,MIA,27,-2,56,0,-205,170,-3.5,-115,-105,45.5,-115,-105,0,0.2,21.4,29.0,0.4384615384615385,0.523986013986014,2.2,0.0,0.6,19.6,19.6,0.4266176470588235,0.7139989396568344,2.8,-0.6
2025,REG,6,NE,25,NO,19,-6,44,0,-192,160,-3.5,-105,-115,46.5,-115,-105,0,0.2,18.4,27.0,0.3384615384615385,0.6674747474747476,2.4,1.0,0.6,25.0,20.2,0.35282051282051285,0.6174603174603176,2.2,-0.2
2025,REG,7,LV,0,KC,31,31,31,0,625,-950,13.5,-115,-105,44.5,-115,-105,1,0.5,25.833333333333332,20.666666666666668,0.3837133590810062,0.6587752525252525,2.3333333333333335,0.6666666666666666,0.3333333333333333,17.166666666666668,24.833333333333332,0.35604575163398694,0.6178804855275444,2.3333333333333335,-0.6666666666666666
2025,REG,7,GB,27,ARI,23,-4,50,0,-395,310,-7.0,-115,-105,44.5,-110,-110,0,0.3333333333333333,21.666666666666668,21.166666666666668,0.39499158249158245,0.669223563960406,1.8333333333333333,0.0,0.8,26.2,20.4,0.4415398327163033,0.6890058479532164,2.4,-0.2
2025,REG,7,HOU,19,SEA,27,8,46,0,140,-166,3.0,-110,-110,41.5,-110,-110,1,0.6666666666666666,27.666666666666668,19.5,0.3476551226551227,0.6235702614379085,3.3333333333333335,0.16666666666666666,0.4,21.6,12.2,0.3185003885003884,0.6651443001443,2.4,0.2
2025,REG,7,TB,9,DET,24,15,33,0,225,-278,6.0,-112,-108,54.5,-115,-105,1,0.6666666666666666,31.833333333333332,23.666666666666668,0.38964646464646463,0.6343434343434343,3.1666666666666665,1.0,0.8333333333333334,27.5,25.166666666666668,0.3742063492063492,0.6268571570042158,2.6666666666666665,0.6666666666666666
2025,REG,7,ATL,10,SF,20,10,30,0,-105,-115,1.5,-120,100,46.5,-112,-108,1,0.6666666666666666,20.833333333333332,21.333333333333332,0.40988883336019555,0.6973810503222269,1.1666666666666667,-0.8333333333333334,0.6,20.0,20.0,0.3880952380952381,0.7311111111111112,2.8,-0.2
2025,REG,7,WAS,22,DAL,44,22,66,0,105,-125,1.5,-108,-112,54.5,-108,-112,1,0.3333333333333333,29.666666666666668,30.666666666666668,0.3837624793507146,0.5234099234099233,1.8333333333333333,-0.3333333333333333,0.5,26.333333333333332,21.0,0.26759259259259266,0.6425575520970258,3.0,-0.5
2025,REG,7,PIT,31,CIN,33,2,64,0,-245,200,-5.5,-105,-115,45.5,-115,-105,1,0.3333333333333333,17.166666666666668,30.5,0.33318070818070816,0.5838481693744851,1.8333333333333333,-0.6666666666666666,0.8,23.8,21.4,0.34907993966817497,0.6238095238095238,4.0,1.4
2025,REG,7,LA,35,JAX,7,-28,42,0,-166,140,-3.0,-115,-105,44.5,-105,-115,0,0.6666666666666666,23.166666666666668,20.0,0.3312803753980225,0.5945258445258446,1.3333333333333333,1.3333333333333333,0.6666666666666666,23.333333333333332,18.333333333333332,0.3574009324009324,0.6831085151518589,3.1666666666666665,0.5
2025,REG,7,NO,14,CHI,26,12,40,0,185,-225,4.5,-120,100,43.5,-110,-110,1,0.6,25.2,28.2,0.3940412528647822,0.7271428571428571,1.6,1.6,0.16666666666666666,18.5,26.666666666666668,0.33205128205128204,0.6702640439482545,2.1666666666666665,0.6666666666666666
2025,REG,7,MIA,6,CLE,31,25,37,0,124,-148,2.5,-102,-118,34.5,-112,-108,1,0.16666666666666666,13.666666666666666,24.333333333333332,0.28580274214949136,0.6363247863247863,2.3333333333333335,-0.6666666666666666,0.16666666666666666,22.333333333333332,29.0,0.43482905982905984,0.5366550116550116,2.0,-0.3333333333333333
2025,REG,7,PHI,28,MIN,22,-6,50,0,-148,124,-2.5,-110,-110,43.5,-105,-115,0,0.6,24.6,19.4,0.2671428571428571,0.7168487394957983,2.6,0.0,0.6666666666666666,23.666666666666668,23.833333333333332,0.3178545991045991,0.6410276256251489,1.5,0.3333333333333333
2025,REG,7,CAR,13,NYJ,6,-7,19,0,-108,-112,1.5,-125,105,39.5,-102,-118,0,0.0,20.5,28.333333333333332,0.28491532976827094,0.6848667672197085,1.3333333333333333,-1.1666666666666667,0.5,22.0,24.333333333333332,0.3256389809021388,0.6519508269508268,0.8333333333333334,-0.3333333333333333
2025,REG,7,NE,31,TEN,13,-18,44,0,-290,235,-6.5,-108,-112,40.5,-108,-112,0,0.16666666666666666,13.833333333333334,26.833333333333332,0.2562892581274934,0.6443899782135076,1.5,-0.8333333333333334,0.6666666666666666,25.0,20.0,0.34664867296446245,0.6312169312169313,2.1666666666666665,0.0
2025,REG,7,NYG,32,DEN,33,1,65,0,330,-425,7.5,-105,-115,39.5,-105,-115,1,0.6666666666666666,21.666666666666668,15.833333333333334,0.3383479265832207,0.7487206421029949,5.0,-0.16666666666666666,0.3333333333333333,20.166666666666668,24.0,0.3202551834130782,0.6794117647058823,2.1666666666666665,-0.5
2025,REG,7,IND,38,LAC,24,-14,62,0,114,-135,2.5,-108,-112,48.5,-110,-110,0,0.6666666666666666,21.166666666666668,20.833333333333332,0.42218137254901955,0.6922213386029176,2.6666666666666665,-0.16666666666666666,0.8333333333333334,32.333333333333336,19.333333333333332,0.4374643874643875,0.5595328282828282,2.6666666666666665,0.8333333333333334
2025,REG,8,BUF,40,CAR,9,-31,49,0,-395,310,-7.0,-115,-105,47.5,-108,-112,0,0.5714285714285714,20.714285714285715,21.714285714285715,0.3188016661700872,0.6428486079746583,1.5714285714285714,0.0,0.6666666666666666,27.833333333333332,22.833333333333332,0.3761239849475144,0.6538461538461539,2.5,-0.16666666666666666
2025,REG,8,WAS,7,KC,28,21,35,0,500,-700,10.5,-105,-115,48.5,-115,-105,1,0.5714285714285714,26.571428571428573,17.714285714285715,0.4003257363551481,0.707521645021645,2.142857142857143,0.7142857142857143,0.42857142857142855,25.714285714285715,24.285714285714285,0.28492063492063496,0.6364779017974506,2.7142857142857144,-0.7142857142857143
2025,REG,8,GB,35,PIT,25,-10,60,0,-155,130,-3.0,100,-120,46.5,-115,-105,0,0.6666666666666666,25.0,23.333333333333332,0.40756661639014585,0.6135912698412699,3.6666666666666665,0.8333333333333334,0.8333333333333334,26.333333333333332,20.833333333333332,0.4179498605969194,0.6679215399610138,3.0,0.0
2025,REG,8,TEN,14,IND,38,24,52,0,950,-1650,15.5,-115,-105,47.5,-102,-118,1,0.8571428571428571,33.142857142857146,20.0,0.4399045399045399,0.5653138528138528,2.7142857142857144,1.0,0.14285714285714285,13.714285714285714,27.428571428571427,0.25863754592746185,0.6402463549522374,1.8571428571428572,-1.0
2025,REG,8,DAL,24,DEN,44,20,68,0,160,-192,3.5,-110,-110,51.5,-110,-110,1,0.7142857142857143,23.285714285714285,18.142857142857142,0.3308288350305157,0.7473506124857969,4.857142857142857,0.0,0.42857142857142855,31.714285714285715,29.428571428571427,0.38608212515775536,0.5359386645100931,2.142857142857143,0.0
2025,REG,8,TB,23,NO,3,-20,26,0,-218,180,-4.5,-105,-115,46.5,-110,-110,0,0.14285714285714285,17.857142857142858,26.571428571428573,0.3235764235764235,0.6887977519556466,2.0,0.14285714285714285,0.7142857142857143,24.857142857142858,25.0,0.3564625850340136,0.6515918488607565,2.857142857142857,0.5714285714285714
2025,REG,8,NYG,20,PHI,38,18,58,0,300,-380,7.0,-102,-118,43.5,-108,-112,1,0.7142857142857143,24.285714285714285,23.571428571428573,0.3114078381935525,0.6256427267263182,1.5714285714285714,0.5714285714285714,0.2857142857142857,21.857142857142858,25.285714285714285,0.31177152367083716,0.6843937575030011,2.142857142857143,-0.5714285714285714
2025,REG,8,CLE,13,NE,32,19,45,0,300,-380,7.0,-115,-105,40.5,-115,-105,1,0.7142857142857143,25.857142857142858,19.0,0.3520724889145942,0.6449391877963307,2.5714285714285716,0.2857142857142857,0.2857142857142857,16.142857142857142,21.714285714285715,0.28579010551589057,0.6780743066457352,2.5714285714285716,0.0
2025,REG,8,SF,15,HOU,26,11,41,0,130,-155,2.5,100,-120,41.5,-112,-108,1,0.3333333333333333,21.166666666666668,14.666666666666666,0.2876392126392126,0.6987313612313611,2.3333333333333335,0.6666666666666666,0.7142857142857143,20.714285714285715,19.714285714285715,0.4370475714515962,0.6810885193238134,1.2857142857142858,-0.7142857142857143
2025,REG,8,NYJ,39,CIN,38,-1,77,0,210,-258,5.5,-112,-108,43.5,-102,-118,0,0.42857142857142855,19.428571428571427,30.571428571428573,0.3480834641548927,0.5432984308924159,1.5714285714285714,-0.2857142857142857,0.0,18.428571428571427,26.142857142857142,0.30303666921313976,0.6902032607914962,1.4285714285714286,-1.2857142857142858
2025,REG,8,CHI,16,BAL,30,14,46,0,124,-148,2.5,-102,-118,45.5,-112,-108,1,0.16666666666666666,24.0,32.333333333333336,0.36222804972804973,0.5845431371747162,1.3333333333333333,-1.1666666666666667,0.6666666666666666,25.333333333333332,25.833333333333332,0.3617010440539852,0.7271645021645021,2.0,1.8333333333333333
2025,REG,8,MIA,34,ATL,10,-24,44,0,280,-355,7.0,-115,-105,44.5,-115,-105,0,0.5,18.333333333333332,20.0,0.39285714285714285,0.675925925925926,2.5,-0.16666666666666666,0.14285714285714285,20.0,29.285714285714285,0.3829147043432758,0.5620308263165407,2.0,-0.8571428571428571
2025,REG,8,MIN,10,LAC,37,27,47,0,142,-170,3.0,100,-120,45.5,-110,-110,1,0.5714285714285714,21.571428571428573,23.285714285714285,0.41901260504201676,0.6712546538674358,2.4285714285714284,-0.42857142857142855,0.5,24.166666666666668,20.833333333333332,0.3003968253968254,0.7185860707919532,2.6666666666666665,-0.3333333333333333
2025,REG,9,LAC,27,TEN,20,-7,47,0,-650,470,-10.0,-112,-108,44.5,-110,-110,0,0.125,13.75,28.75,0.27318285268652914,0.6477155605832077,2.0,-1.0,0.625,23.5,21.625,0.4531744909502262,0.6782569130430972,2.75,-0.375
2025,REG,9,ARI,27,DAL,17,-10,44,0,145,-175,3.5,-115,-105,53.5,-105,-115,0,0.375,30.75,31.25,0.3711551928463693,0.5371281496281496,1.875,-0.125,0.2857142857142857,21.857142857142858,22.0,0.40106421356421357,0.6736201976803481,1.7142857142857142,-0.14285714285714285
2025,REG,9,BAL,28,MIA,6,-22,34,0,-455,350,-7.5,-120,100,51.5,-110,-110,0,0.25,21.75,26.875,0.3886217948717949,0.5959436396936397,1.875,-0.625,0.2857142857142857,24.857142857142858,30.0,0.35810023310023315,0.586751260435471,1.2857142857142858,-0.8571428571428571
2025,REG,9,CHI,47,CIN,42,-5,89,0,-162,136,-3.0,-105,-115,51.5,-108,-112,0,0.375,21.75,31.625,0.3545730311355311,0.5420527936975306,1.375,-0.25,0.5714285714285714,24.0,26.428571428571427,0.3671723234748444,0.71852195423624,2.0,1.4285714285714286
2025,REG,9,MIN,27,DET,24,-3,51,0,410,-550,9.5,-108,-112,47.5,-105,-115,0,0.7142857142857143,30.714285714285715,21.571428571428573,0.3625541125541126,0.6508658008658009,3.2857142857142856,0.8571428571428571,0.42857142857142855,22.142857142857142,23.142857142857142,0.2964440321583178,0.6598869617777181,2.5714285714285716,-0.2857142857142857
2025,REG,9,CAR,16,GB,13,-3,29,0,650,-1000,12.5,-102,-118,43.5,-115,-105,0,0.8571428571428571,27.571428571428573,21.428571428571427,0.41776654717831185,0.7034565580618214,3.0,0.14285714285714285,0.5,19.25,24.0,0.3244060033533718,0.624992531977826,1.625,-0.375
2025,REG,9,DEN,18,HOU,15,-3,33,0,105,-125,1.5,-110,-110,40.5,-105,-115,0,0.42857142857142855,21.857142857142858,14.714285714285714,0.32217814864873684,0.7028086992372706,2.2857142857142856,0.5714285714285714,0.75,25.875,18.875,0.34629341246988304,0.745598452591739,4.5,0.125
2025,REG,9,ATL,23,NE,24,1,47,0,205,-250,5.5,-110,-110,45.5,-112,-108,1,0.75,26.625,18.25,0.33306342780026993,0.6684884559884561,2.375,0.25,0.42857142857142855,17.142857142857142,22.0,0.36054421768707484,0.6609977324263039,2.2857142857142856,-0.2857142857142857
2025,REG,9,SF,34,NYG,24,-10,58,0,-148,124,-2.5,-120,100,47.5,-108,-112,0,0.25,21.625,26.875,0.3208770062889056,0.6960667600373482,2.375,-0.5,0.625,20.0,20.5,0.4165075341110558,0.6547759838201015,1.125,-0.625
2025,REG,9,IND,20,PIT,27,7,47,0,-185,154,-3.5,100,-120,51.5,-105,-115,1,0.5714285714285714,25.0,25.0,0.36124757595345836,0.6092687074829932,3.142857142857143,0.5714285714285714,0.875,33.75,19.25,0.4224164724164724,0.5727746212121212,2.875,1.0
2025,REG,9,NO,10,LA,34,24,44,0,750,-1200,14.0,-105,-115,44.5,-105,-115,1,0.7142857142857143,25.0,16.714285714285715,0.3253912753912754,0.7015930129873077,3.7142857142857144,0.42857142857142855,0.125,16.0,26.125,0.3386849261849262,0.7009123186754765,2.125,-0.25
2025,REG,9,JAX,30,LV,29,-1,59,1,-130,110,-2.5,-105,-115,43.5,-105,-115,0,0.2857142857142857,14.714285714285714,25.714285714285715,0.3051820728291316,0.6010404161664666,2.142857142857143,-0.7142857142857143,0.5714285714285714,20.857142857142858,22.142857142857142,0.31074032176973354,0.6334031048316763,1.1428571428571428,1.1428571428571428
2025,REG,9,KC,21,BUF,28,7,49,0,-135,114,-2.5,-105,-115,53.5,-115,-105,1,0.7142857142857143,29.571428571428573,20.857142857142858,0.39382055852644093,0.6513486513486514,3.142857142857143,0.2857142857142857,0.625,26.75,16.375,0.3957395647653001,0.6767737470862472,2.125,0.625
2025,REG,9,SEA,38,WAS,14,-24,52,0,-148,124,-2.5,-120,100,47.5,-115,-105,0,0.375,23.375,24.75,0.3166132478632479,0.6364636186182239,2.75,-0.625,0.7142857142857143,27.571428571428573,19.428571428571427,0.31703772418058135,0.658298319327731,3.2857142857142856,-0.2857142857142857
2025,REG,10,PHI,10,GB,7,-3,17,0,-110,-110,1.5,-122,102,45.5,-108,-112,0,0.75,25.75,20.75,0.42804572878102287,0.698857821637427,2.75,0.0,0.75,26.0,23.125,0.30025963619713625,0.6243604628086052,2.0,0.5
2025,REG,10,PIT,10,LAC,25,15,35,0,136,-162,3.0,-118,-102,45.5,-115,-105,1,0.6666666666666666,23.88888888888889,21.444444444444443,0.46265082956259423,0.7039051348261874,2.888888888888889,-0.4444444444444444,0.625,25.25,24.375,0.35455316742081455,0.6045386904761905,3.375,0.875
2025,REG,10,DET,44,WAS,22,-22,66,0,-455,350,-8.5,-105,-115,49.5,-112,-108,0,0.3333333333333333,22.333333333333332,26.22222222222222,0.3258784425451092,0.6120417350680509,2.4444444444444446,-0.6666666666666666,0.625,29.875,22.25,0.35012958532695376,0.6587932900432901,3.5,0.75
2025,REG,10,LA,42,SF,26,-16,68,0,-258,210,-5.5,-115,-105,49.5,-110,-110,0,0.6666666666666666,21.555555555555557,20.88888888888889,0.42578447476538295,0.6534516681575505,1.2222222222222223,-0.6666666666666666,0.75,26.125,15.875,0.34721736596736597,0.7111161085861164,3.375,0.625
2025,REG,10,ARI,22,SEA,44,22,66,0,270,-340,7.0,-115,-105,44.5,-102,-118,1,0.75,28.875,18.75,0.35032467532467537,0.6510110294117646,3.375,-0.125,0.375,22.5,21.375,0.4092645202020202,0.6663407498933815,2.125,0.25
2025,REG,10,NE,28,TB,23,-5,51,0,124,-148,2.5,100,-120,48.5,-105,-115,0,0.75,24.625,22.25,0.3386904761904762,0.6395873121976063,3.125,0.875,0.7777777777777778,26.333333333333332,18.77777777777778,0.3701304543409807,0.6942119608786277,2.2222222222222223,0.0
2025,REG,10,CLE,20,NYJ,27,7,47,0,-130,110,-1.5,-115,-105,37.5,-115,-105,1,0.125,21.0,27.625,0.32349041889483066,0.6789278531925591,1.375,-1.125,0.25,15.75,23.0,0.27089967565973755,0.6933150183150183,3.0,0.0
2025,REG,10,BAL,27,MIN,19,-8,46,0,-230,190,-4.5,-105,-115,48.5,-105,-115,0,0.5,22.75,23.25,0.2951028138528138,0.6695063547133981,2.875,-0.25,0.375,25.25,27.0,0.36141462703962707,0.6175740195477037,1.375,-0.375
2025,REG,10,LV,7,DEN,10,3,17,0,380,-500,9.5,-112,-108,42.5,-110,-110,1,0.7777777777777778,25.0,18.444444444444443,0.3522608110843405,0.754257448055402,4.444444444444445,0.1111111111111111,0.25,16.5,26.25,0.35453431372549016,0.5805978641456583,2.0,-0.625
2025,REG,10,ATL,25,IND,31,6,56,1,250,-310,6.5,-112,-108,48.5,-112,-108,1,0.7777777777777778,32.22222222222222,20.11111111111111,0.4231003564336897,0.5860560735560736,2.888888888888889,0.5555555555555556,0.375,17.875,22.25,0.3279761904761905,0.6200396825396826,2.75,0.0
2025,REG,10,NO,17,CAR,7,-10,24,0,200,-245,5.5,-112,-108,38.5,-105,-115,0,0.5555555555555556,18.88888888888889,22.77777777777778,0.32539792890670083,0.6111044728691787,1.5555555555555556,-0.2222222222222222,0.1111111111111111,15.333333333333334,27.0,0.32574462574462576,0.6785887277115347,2.111111111111111,-0.4444444444444444
2025,REG,10,NYG,20,CHI,24,4,44,0,180,-218,4.5,-108,-112,45.5,-112,-108,1,0.625,26.875,28.375,0.3800993124522536,0.6968885281385282,2.125,1.625,0.2222222222222222,21.88888888888889,27.666666666666668,0.324906545272678,0.6742815644776429,2.3333333333333335,-0.3333333333333333
2025,REG,10,JAX,29,HOU,36,7,65,0,-115,-105,-1.5,100,-120,37.5,-112,-108,1,0.375,21.0,15.125,0.30396470359705646,0.6899576118326117,2.125,0.5,0.625,22.0,23.0,0.34221028154851685,0.5917277167277167,1.25,1.0
2025,REG,10,BUF,13,MIA,30,17,43,0,-455,350,-8.5,-105,-115,50.5,-115,-105,1,0.2222222222222222,20.0,27.0,0.36396011396011396,0.5981037481037481,1.8888888888888888,-0.8888888888888888,0.75,29.375,20.875,0.4175096553773025,0.6660839160839161,3.125,0.375
2025,REG,11,WAS,13,MIA,16,3,29,1,124,-148,2.5,100,-120,47.5,-110,-110,1,0.3,21.0,25.6,0.3608974358974359,0.6070433732933733,2.0,-0.7,0.3,22.3,28.0,0.31147241647241647,0.6008375615612458,2.2,-0.6
2025,REG,11,CAR,30,ATL,27,-3,57,1,180,-218,4.5,-118,-102,42.5,-110,-110,0,0.3333333333333333,18.666666666666668,23.22222222222222,0.29153439153439153,0.6451634784968118,3.2222222222222223,0.1111111111111111,0.5,17.7,22.2,0.31785813601603075,0.6055495811378163,1.6,-0.5
2025,REG,11,TB,32,BUF,44,12,76,0,230,-285,6.0,-108,-112,46.5,-112,-108,1,0.6666666666666666,27.555555555555557,21.88888888888889,0.40584191589093555,0.6661486661486662,2.7777777777777777,0.2222222222222222,0.6666666666666666,24.444444444444443,22.88888888888889,0.34379324379324383,0.6425961293608353,2.888888888888889,0.8888888888888888
2025,REG,11,LAC,6,JAX,35,29,41,0,-155,130,-3.0,-105,-115,43.5,-110,-110,1,0.5555555555555556,22.77777777777778,24.444444444444443,0.34122395396905203,0.567646859313526,1.3333333333333333,0.8888888888888888,0.7,24.0,20.3,0.44796469397475586,0.7153328031617505,2.9,-0.3
2025,REG,11,CHI,19,MIN,17,-2,36,0,124,-148,3.0,-115,-105,47.5,-102,-118,0,0.4444444444444444,22.333333333333332,23.666666666666668,0.2819214554508671,0.6617834264119095,2.6666666666666665,-0.5555555555555556,0.6666666666666666,26.555555555555557,27.444444444444443,0.36564383329089206,0.6935305435305437,2.3333333333333335,1.5555555555555556
2025,REG,11,GB,27,NYG,20,-7,47,0,-440,340,-7.5,-110,-110,41.5,-110,-110,0,0.2,21.7,27.3,0.3257492240787435,0.6818534080298786,2.1,-0.4,0.6666666666666666,23.666666666666668,19.555555555555557,0.4201676319323378,0.6913823911630931,2.4444444444444446,-0.1111111111111111
2025,REG,11,CIN,12,PIT,34,22,46,0,205,-250,5.5,-108,-112,48.5,-110,-110,1,0.5555555555555556,23.555555555555557,24.444444444444443,0.33536039124274425,0.6133911166805903,3.5555555555555554,0.6666666666666666,0.3333333333333333,24.0,33.333333333333336,0.3656810781810782,0.5406482349206807,1.4444444444444444,-0.5555555555555556
2025,REG,11,HOU,16,TEN,13,-3,29,0,-265,215,-5.5,-108,-112,37.5,-118,-102,0,0.1111111111111111,14.444444444444445,28.555555555555557,0.252930212489036,0.6270292162449026,2.4444444444444446,-0.7777777777777778,0.4444444444444444,22.666666666666668,16.666666666666668,0.3396352920862724,0.6873697290363956,2.4444444444444446,0.4444444444444444
2025,REG,11,SF,41,ARI,22,-19,63,0,-192,160,-3.5,-105,-115,48.5,-112,-108,0,0.3333333333333333,22.444444444444443,23.88888888888889,0.4054573512906846,0.6367473332385614,2.0,0.3333333333333333,0.6,22.0,23.0,0.42070602728884465,0.6381065013417955,1.2,-0.8
2025,REG,11,SEA,19,LA,21,2,40,0,145,-175,3.0,100,-120,49.5,-105,-115,1,0.7777777777777778,27.88888888888889,17.0,0.3641932141932142,0.7015476520765479,3.0,0.7777777777777778,0.7777777777777778,30.555555555555557,19.11111111111111,0.3780663780663781,0.6481209150326797,3.5555555555555554,-0.2222222222222222
2025,REG,11,BAL,23,CLE,16,-7,39,0,-440,340,-7.5,-105,-115,37.5,-105,-115,0,0.2222222222222222,16.22222222222222,23.444444444444443,0.2758874309957901,0.6996133496133496,3.0,0.1111111111111111,0.4444444444444444,25.444444444444443,26.11111111111111,0.36570189070189074,0.6404579520162595,1.3333333333333333,0.0
2025,REG,11,KC,19,DEN,22,3,41,0,-218,180,-3.5,-120,100,44.5,-110,-110,1,0.8,23.5,17.3,0.3482847299759064,0.7538317032498617,4.6,0.0,0.5555555555555556,26.11111111111111,17.666666666666668,0.3774095276546257,0.6478729603729605,2.2222222222222223,0.4444444444444444
2025,REG,11,DET,9,PHI,16,7,25,0,130,-155,2.5,-102,-118,46.5,-108,-112,1,0.7777777777777778,24.22222222222222,21.333333333333332,0.3078331269120743,0.626415649480665,2.111111111111111,0.5555555555555556,0.6666666666666666,31.444444444444443,22.22222222222222,0.3667818536239589,0.6765031265031266,3.3333333333333335,0.6666666666666666
2025,REG,11,DAL,33,LV,16,-17,49,0,-198,164,-3.5,-115,-105,48.5,-115,-105,0,0.2222222222222222,15.444444444444445,24.444444444444443,0.3429193899782135,0.5924758792405851,2.0,-0.4444444444444444,0.3333333333333333,29.22222222222222,30.77777777777778,0.3726507697095932,0.5367065033731699,2.2222222222222223,-0.4444444444444444
2025,REG,11,NYJ,14,NE,27,13,41,0,625,-950,12.5,-105,-115,43.5,-115,-105,1,0.8,26.5,19.2,0.36645074224021595,0.6863292263292264,2.2,-0.1,0.2222222222222222,21.666666666666668,26.77777777777778,0.315324816795405,0.679514816872918,1.8888888888888888,-1.1111111111111112
2025,REG,12,NYJ,10,BAL,23,13,33,0,675,-1050,14.0,-110,-110,44.5,-102,-118,1,0.5,25.2,25.1,0.3648459873459874,0.6621264425289193,1.5,0.0,0.2,20.9,26.8,0.34093519225872165,0.6654094890317801,1.8,-1.1
2025,REG,12,BUF,19,HOU,23,4,42,0,-258,210,-5.5,-108,-112,43.5,-105,-115,1,0.5,22.0,16.3,0.3342431914490737,0.687053808764335,2.5,0.5,0.7,29.2,22.9,0.4114115704556881,0.6432837995337997,2.6,0.3
2025,REG,12,PIT,28,CHI,31,3,59,0,130,-155,3.0,-115,-105,46.5,-108,-112,1,0.7,25.8,26.4,0.3659215552249607,0.6991774891774892,2.1,1.6,0.6,24.6,23.2,0.3518243521184698,0.610875534424296,3.3,0.8
2025,REG,12,CAR,9,SF,20,11,29,0,310,-395,7.5,-115,-105,48.5,-105,-115,1,0.6363636363636364,23.727272727272727,22.90909090909091,0.41276305511107086,0.6346422739470867,1.0909090909090908,-0.45454545454545453,0.5454545454545454,18.818181818181817,22.636363636363637,0.3210475033300815,0.6154346841512616,1.4545454545454546,-0.36363636363636365
2025,REG,12,TB,7,LA,34,27,41,0,295,-375,7.0,-110,-110,49.5,100,-120,1,0.8,27.2,17.2,0.3444405594405594,0.6876428868688931,2.7,1.0,0.6,25.2,25.0,0.3656639194139194,0.6321826702709056,2.6,0.7
2025,REG,12,ATL,24,NO,10,-14,34,0,102,-122,1.5,-112,-108,41.5,-118,-102,0,0.2,15.5,25.0,0.33761460761460765,0.6857298549403812,2.1,-0.1,0.3,19.5,23.9,0.29095238095238096,0.6453530130000719,3.4,0.0
2025,REG,12,PHI,21,DAL,24,3,45,0,-162,136,-3.0,-105,-115,47.5,100,-120,1,0.4,29.6,29.3,0.37174932910227027,0.5599589299589299,2.4,-0.4,0.8,23.4,20.1,0.2981024457998142,0.6406971614556753,2.1,0.6
2025,REG,12,CLE,24,LV,10,-14,34,0,136,-162,3.0,-105,-115,35.5,-102,-118,0,0.2,15.5,25.3,0.33170437405731523,0.5968646549528903,1.9,-0.4,0.2,16.2,23.4,0.26258440218192536,0.6939377289377289,3.2,0.1
2025,REG,12,JAX,27,ARI,24,-3,51,1,-135,114,-2.5,-108,-112,47.5,-115,-105,0,0.3,22.4,25.6,0.4049116161616162,0.6397392665813719,1.9,0.0,0.6,24.0,22.6,0.3525561040266923,0.5858821733821734,1.5,0.8
2025,REG,12,SEA,30,TEN,24,-6,54,0,-950,625,-12.5,-115,-105,41.5,-110,-110,0,0.1,14.3,27.3,0.25921613860855347,0.6357548660489838,2.6,-0.8,0.7,29.4,19.3,0.38400974025974033,0.666642156862745,3.2,-0.5
2025,REG,12,IND,20,KC,23,3,43,1,180,-218,3.5,100,-120,50.5,-112,-108,1,0.5,25.4,18.1,0.37091857488916313,0.6364189976689978,2.2,0.3,0.8,32.1,20.6,0.39617493617493615,0.6274504662004662,2.9,0.4
2025,REG,12,MIN,6,GB,23,17,29,0,235,-290,6.5,-112,-108,41.5,-112,-108,1,0.7,24.0,19.6,0.44178723237546763,0.6784941520467838,2.4,0.1,0.4,21.8,23.2,0.27872930990578043,0.6587629785075606,2.6,-0.7
2025,REG,12,NYG,27,DET,34,7,61,1,675,-1050,14.0,-115,-105,50.5,100,-120,1,0.6,29.2,21.6,0.3531805913384861,0.6878001822738666,3.1,0.5,0.18181818181818182,21.545454545454547,27.272727272727273,0.3359083855261305,0.6529245858122863,2.090909090909091,-0.5454545454545454
2025,REG,12,NE,26,CIN,20,-6,46,0,-395,310,-7.5,-108,-112,50.5,-102,-118,0,0.3,22.8,33.4,0.37028944095120564,0.5365834114286127,1.4,-0.7,0.8181818181818182,26.545454545454547,18.727272727272727,0.37509508035823824,0.6628966992603357,2.1818181818181817,0.0
2025,REG,13,CHI,24,PHI,15,-9,39,0,270,-340,7.0,-105,-115,43.5,-115,-105,0,0.7272727272727273,23.181818181818183,20.454545454545453,0.30346975592190906,0.6383960209037608,2.0,0.7272727272727273,0.7272727272727273,26.272727272727273,26.545454545454547,0.3750802017196613,0.6810704447068084,2.090909090909091,1.4545454545454546
2025,REG,13,KC,28,DAL,31,3,59,0,-185,154,-3.5,-105,-115,53.5,-110,-110,1,0.45454545454545453,29.09090909090909,28.545454545454547,0.37291897051255335,0.5674951311314946,2.272727272727273,-0.5454545454545454,0.5454545454545454,25.181818181818183,18.272727272727273,0.3746318595249077,0.6370042835951928,2.0,0.09090909090909091
2025,REG,13,GB,31,DET,24,-7,55,0,130,-155,2.5,105,-125,48.5,-110,-110,0,0.6363636363636364,29.636363636363637,22.09090909090909,0.35354079732070165,0.6757779434812928,2.909090909090909,0.45454545454545453,0.7272727272727273,23.90909090909091,18.363636363636363,0.447079302159516,0.6875199362041469,2.6363636363636362,0.18181818181818182
2025,REG,13,CIN,32,BAL,14,-18,46,0,295,-375,7.0,100,-120,52.5,-115,-105,0,0.5454545454545454,25.0,23.727272727272727,0.34466518330154694,0.6597843692411662,1.6363636363636365,0.18181818181818182,0.2727272727272727,22.545454545454547,32.72727272727273,0.3561072839816155,0.5437471572427947,1.3636363636363635,-0.6363636363636364
2025,REG,13,LA,28,CAR,31,3,59,0,-575,425,-10.0,-110,-110,44.5,-105,-115,1,0.5,18.0,22.416666666666668,0.3061983066240032,0.6026099989335283,1.3333333333333333,-0.25,0.8181818181818182,27.818181818181817,16.272727272727273,0.3494914176732358,0.6806854527090948,2.8181818181818183,1.0909090909090908
2025,REG,13,NYG,15,NE,33,18,48,0,295,-375,7.0,-105,-115,46.5,-105,-115,1,0.8333333333333334,26.5,18.833333333333332,0.3758884390463338,0.6731314981314983,2.0833333333333335,0.0,0.16666666666666666,22.0,27.833333333333332,0.34495305710265667,0.652085632232691,2.1666666666666665,-0.5
2025,REG,13,SF,26,CLE,8,-18,34,0,-250,205,-5.5,-108,-112,35.5,-112,-108,0,0.2727272727272727,16.90909090909091,22.181818181818183,0.2596921138716804,0.7015595515595515,3.8181818181818183,0.0,0.6666666666666666,23.416666666666668,21.75,0.4232379287236098,0.6531839892134009,1.0833333333333333,-0.5
2025,REG,13,HOU,20,IND,16,-4,36,0,142,-170,3.0,-105,-115,44.5,-112,-108,0,0.7272727272727273,31.0,20.818181818181817,0.392626565353838,0.6238854505565735,3.0,0.5454545454545454,0.5454545454545454,22.09090909090909,16.545454545454547,0.31900896192340034,0.6870943716039409,3.0,0.7272727272727273
2025,REG,13,NO,17,MIA,21,4,38,0,205,-250,5.5,-110,-110,41.5,-105,-115,1,0.36363636363636365,20.545454545454547,24.454545454545453,0.3583916083916084,0.6038056640329367,1.9090909090909092,-0.6363636363636364,0.18181818181818182,15.0,24.90909090909091,0.3353314614678251,0.6948193486470998,2.1818181818181817,-0.18181818181818182
2025,REG,13,ATL,24,NYJ,27,3,51,0,-166,140,-3.0,-112,-108,38.5,-105,-115,1,0.18181818181818182,19.90909090909091,26.454545454545453,0.3429989351112346,0.6828397952236962,1.7272727272727273,-1.1818181818181819,0.36363636363636365,19.90909090909091,22.636363636363637,0.283982683982684,0.6491845572727926,3.5454545454545454,0.09090909090909091
2025,REG,13,ARI,17,TB,20,3,37,0,164,-198,4.5,-115,-105,44.5,-108,-112,1,0.5454545454545454,23.545454545454547,25.818181818181817,0.3677752802752803,0.6292569729735505,2.4545454545454546,0.45454545454545453,0.2727272727272727,22.545454545454547,25.727272727272727,0.3920249142139095,0.6476968539169498,2.0,0.36363636363636365
2025,REG,13,JAX,25,TEN,3,-22,28,0,-270,220,-6.0,-108,-112,42.5,-105,-115,0,0.09090909090909091,15.181818181818182,27.545454545454547,0.2677365965960112,0.6537165448930154,2.4545454545454546,-0.7272727272727273,0.6363636363636364,24.272727272727273,22.727272727272727,0.34529893754492685,0.5996058035531721,1.9090909090909092,0.36363636363636365
2025,REG,13,MIN,0,SEA,26,26,26,0,600,-900,12.5,-110,-110,42.5,-110,-110,1,0.7272727272727273,29.454545454545453,19.727272727272727,0.36425127902400634,0.664861853832442,3.272727272727273,-0.45454545454545453,0.36363636363636365,20.363636363636363,23.181818181818183,0.27359230193454787,0.6443299804614188,2.4545454545454546,-0.7272727272727273
2025,REG,13,LV,14,LAC,31,17,45,0,440,-600,10.0,-115,-105,40.5,-108,-112,1,0.6363636363636364,22.363636363636363,21.636363636363637,0.4299679036134144,0.6998893251883682,2.6363636363636362,-0.2727272727272727,0.18181818181818182,15.0,25.181818181818183,0.32175145116321585,0.6125343017054248,1.8181818181818181,-0.2727272727272727
2025,REG,13,BUF,26,PIT,7,-19,33,0,-166,140,-3.0,-115,-105,44.5,-112,-108,0,0.5454545454545454,24.90909090909091,23.90909090909091,0.3652948655622453,0.6038262434160266,3.090909090909091,0.7272727272727273,0.6363636363636364,28.272727272727273,22.90909090909091,0.402419609505171,0.6605610298792117,2.3636363636363638,0.0
2025,REG,13,DEN,27,WAS,26,-1,53,1,-310,250,-6.5,-105,-115,43.5,-112,-108,0,0.2727272727272727,21.454545454545453,26.90909090909091,0.3221177812086903,0.6068220256617386,2.272727272727273,-0.5454545454545454,0.8181818181818182,23.363636363636363,17.454545454545453,0.35904672422052103,0.7478015484089653,4.454545454545454,0.09090909090909091
2025,REG,14,DAL,30,DET,44,14,74,0,160,-192,3.5,-110,-110,55.5,-110,-110,1,0.5833333333333334,29.166666666666668,22.833333333333332,0.37169811182969076,0.6694631148578517,2.6666666666666665,0.4166666666666667,0.5,29.25,28.5,0.38871738963650726,0.5737752987752986,2.3333333333333335,-0.5833333333333334
2025,REG,14,SEA,37,ATL,9,-28,46,0,-355,280,-7.0,100,-120,44.5,-108,-112,0,0.3333333333333333,20.25,23.0,0.2880952380952381,0.647717423114095,3.4166666666666665,0.16666666666666666,0.75,29.166666666666668,18.083333333333332,0.3633087704778881,0.6776385175282233,3.3333333333333335,0.0
2025,REG,14,PIT,27,BAL,22,-5,49,0,220,-270,5.5,100,-120,43.5,-105,-115,0,0.5,24.083333333333332,24.416666666666668,0.33677641802641806,0.6578326415013721,1.5833333333333333,-0.16666666666666666,0.5,23.416666666666668,24.083333333333332,0.3626314045431693,0.5923962786869134,2.8333333333333335,0.6666666666666666
2025,REG,14,TEN,31,CLE,29,-2,60,0,170,-205,4.5,-120,100,33.5,-105,-115,0,0.25,16.166666666666668,22.5,0.257281873613143,0.6755036630036629,3.5833333333333335,0.0,0.08333333333333333,14.166666666666666,27.333333333333332,0.2565363246574547,0.6647163566281213,2.5,-0.8333333333333334
2025,REG,14,PHI,19,LAC,22,3,41,1,-120,100,-1.5,-105,-115,41.5,-105,-115,1,0.6666666666666666,23.083333333333332,21.0,0.44676882392633166,0.706380029570819,2.8333333333333335,-0.25,0.6666666666666666,22.5,20.75,0.30382163523610894,0.6222333895321511,2.0,0.5833333333333334
2025,REG,14,HOU,20,KC,10,-10,30,0,180,-218,4.5,-115,-105,41.5,-110,-110,0,0.5,25.416666666666668,19.333333333333332,0.37317444265973676,0.6203789266289267,1.8333333333333333,0.16666666666666666,0.5833333333333334,21.916666666666668,16.5,0.3257582150964503,0.6923365073036125,2.8333333333333335,0.5833333333333334
2025,REG,14,CIN,34,BUF,39,5,73,0,230,-285,6.0,-108,-112,54.5,-108,-112,1,0.6666666666666666,28.083333333333332,21.583333333333332,0.4133290864908512,0.661069832944833,2.25,0.0,0.3333333333333333,23.333333333333332,31.166666666666668,0.3567347072861779,0.5609348941392285,1.5,-0.25
2025,REG,14,LA,45,ARI,17,-28,62,0,-500,380,-9.5,-110,-110,49.5,-110,-110,0,0.25,22.083333333333332,25.25,0.3906061713627504,0.647888782757204,2.0,0.16666666666666666,0.75,27.833333333333332,17.5,0.3481449106449106,0.6684061094277812,2.75,0.75
2025,REG,14,DEN,24,LV,17,-7,41,0,-470,360,-8.5,-110,-110,40.5,-115,-105,0,0.16666666666666666,14.916666666666666,25.666666666666668,0.3134573487514664,0.5921915309492709,1.9166666666666667,-0.25,0.8333333333333334,23.666666666666668,18.166666666666668,0.36558449720214425,0.7370720542955197,4.25,0.08333333333333333
2025,REG,14,NO,24,TB,20,-4,44,0,330,-425,7.5,-102,-118,41.5,-105,-115,0,0.5833333333333334,23.25,25.083333333333332,0.3662940069190069,0.6289022252257547,2.4166666666666665,0.5833333333333334,0.16666666666666666,15.166666666666666,24.583333333333332,0.33302819865319866,0.6946100439521491,2.3333333333333335,-0.25
2025,REG,14,MIA,34,NYJ,10,-24,44,0,-148,124,-2.5,-115,-105,41.5,-112,-108,0,0.25,20.5,26.25,0.3451174449045966,0.6814920345106104,1.75,-1.1666666666666667,0.4166666666666667,20.583333333333332,23.833333333333332,0.3541666666666667,0.611180833055833,2.0833333333333335,-0.5
2025,REG,14,WAS,0,MIN,31,31,31,0,-115,-105,-1.5,-102,-118,43.5,-102,-118,1,0.3333333333333333,18.666666666666668,23.416666666666668,0.26594445859151733,0.6445573840504181,2.5833333333333335,-1.0833333333333333,0.25,21.833333333333332,26.916666666666668,0.32702066452066453,0.6031285235232604,2.1666666666666665,-0.5
2025,REG,14,IND,19,JAX,36,17,55,0,-135,114,-2.5,-112,-108,44.5,-105,-115,1,0.6666666666666666,24.333333333333332,21.083333333333332,0.3343811689399925,0.6218608754792966,2.0,0.5,0.6666666666666666,29.75,20.75,0.3807410182410182,0.6218949963435257,2.9166666666666665,0.5833333333333334
2025,REG,14,CHI,21,GB,28,7,49,0,245,-305,6.5,-105,-115,44.5,-115,-105,1,0.75,24.5,18.833333333333332,0.4431560269795564,0.6659408939014203,2.6666666666666665,0.16666666666666666,0.75,26.083333333333332,25.583333333333332,0.39011981453931915,0.6820068820068821,1.9166666666666667,1.4166666666666667
2025,REG,15,ATL,29,TB,28,-1,57,0,225,-278,6.0,-112,-108,43.5,-110,-110,0,0.5384615384615384,23.0,25.0,0.3509380576688269,0.6224831729356617,2.4615384615384617,0.5384615384615384,0.3076923076923077,19.384615384615383,24.076923076923077,0.27142857142857146,0.6393131242946676,3.3076923076923075,0.0
2025,REG,15,CLE,3,CHI,31,28,34,0,295,-375,7.5,-112,-108,38.5,-115,-105,1,0.6923076923076923,25.692307692307693,25.76923076923077,0.39630969305891905,0.6551858398012246,1.8461538461538463,1.3076923076923077,0.23076923076923078,17.153846153846153,23.153846153846153,0.2682601910275166,0.6761734217199803,3.3846153846153846,-0.07692307692307693
2025,REG,15,BAL,24,CIN,0,-24,24,0,-162,136,-2.5,-125,105,51.5,-110,-110,0,0.3076923076923077,24.153846153846153,31.76923076923077,0.39339614005903595,0.556247594590057,1.6153846153846154,-0.3076923076923077,0.46153846153846156,23.923076923076923,24.615384615384617,0.3377936166397705,0.6533839767704973,1.4615384615384615,-0.23076923076923078
2025,REG,15,ARI,20,HOU,40,20,60,0,455,-625,10.5,-110,-110,42.5,-112,-108,1,0.6153846153846154,21.76923076923077,16.0,0.33000392016229113,0.6940249078406973,2.769230769230769,0.7692307692307693,0.23076923076923078,21.692307692307693,26.76923076923077,0.3825375647744069,0.6493332353656242,1.8461538461538463,0.07692307692307693
2025,REG,15,NYJ,20,JAX,48,28,68,0,675,-1050,13.5,-105,-115,40.5,-115,-105,1,0.6923076923076923,25.23076923076923,20.923076923076923,0.3423133867138392,0.6201792696731968,1.9230769230769231,0.6153846153846154,0.23076923076923078,19.692307692307693,26.846153846153847,0.3236981542709097,0.6931721344200507,1.6923076923076923,-1.3076923076923077
2025,REG,15,LAC,16,KC,13,-3,29,0,210,-258,5.5,100,-120,41.5,-108,-112,0,0.46153846153846156,24.23076923076923,19.384615384615383,0.36644673827931745,0.6202765183534414,1.9230769230769231,-0.07692307692307693,0.6923076923076923,23.0,20.846153846153847,0.43687751579213835,0.7069881591642725,2.6923076923076925,0.0
2025,REG,15,BUF,35,NE,31,-4,66,0,-142,120,-2.5,-110,-110,49.5,-105,-115,0,0.8461538461538461,27.0,18.53846153846154,0.382476902314959,0.6726342034034343,2.076923076923077,0.07692307692307693,0.6923076923076923,28.923076923076923,22.53846153846154,0.4199960798377088,0.6230388201542048,2.1538461538461537,0.07692307692307693
2025,REG,15,WAS,29,NYG,21,-8,50,0,124,-148,2.5,-105,-115,46.5,-115,-105,0,0.15384615384615385,21.46153846153846,28.23076923076923,0.3440592321973241,0.6433453173272177,2.230769230769231,-0.5384615384615384,0.23076923076923078,20.153846153846153,27.23076923076923,0.32109599801907496,0.5916990566788137,2.3076923076923075,-0.6923076923076923
2025,REG,15,LV,0,PHI,31,31,31,0,650,-1000,12.5,-108,-112,37.5,-118,-102,1,0.6153846153846154,22.23076923076923,20.846153846153847,0.3024287621959687,0.6268168350926151,2.3846153846153846,0.3076923076923077,0.15384615384615385,15.076923076923077,25.53846153846154,0.31242216807827666,0.5821412948407472,2.0,-0.23076923076923078
2025,REG,15,GB,26,DEN,34,8,60,0,-122,102,-1.5,-108,-112,42.5,-115,-105,1,0.8461538461538461,23.692307692307693,18.076923076923077,0.37888273114517457,0.734220357811249,4.230769230769231,0.07692307692307693,0.7692307692307693,24.76923076923077,19.0,0.4603491531093341,0.6554386531940714,2.5384615384615383,0.15384615384615385
2025,REG,15,DET,34,LA,41,7,75,0,200,-245,5.5,-105,-115,54.5,-105,-115,1,0.7692307692307693,29.153846153846153,17.46153846153846,0.34700555854402004,0.6719353098014683,2.769230769230769,0.7692307692307693,0.6153846153846154,30.307692307692307,23.384615384615383,0.36874697502227866,0.6660428752534016,2.8461538461538463,0.6153846153846154
2025,REG,15,CAR,17,NO,20,3,37,0,-148,124,-2.5,-118,-102,41.5,-108,-112,1,0.23076923076923078,15.846153846153847,24.23076923076923,0.34237567987567985,0.7052810662122403,2.1538461538461537,-0.23076923076923078,0.5384615384615384,19.0,22.846153846153847,0.31854202662728504,0.6075374349130005,1.3846153846153846,0.0
2025,REG,15,IND,16,SEA,18,2,34,0,650,-1000,13.5,-105,-115,41.5,-108,-112,1,0.7692307692307693,29.76923076923077,17.384615384615383,0.3708649005594707,0.6969410491469314,3.1538461538461537,0.15384615384615385,0.6153846153846154,28.923076923076923,21.923076923076923,0.3822224783763245,0.6173261504709469,2.6923076923076925,0.38461538461538464
2025,REG,15,TEN,24,SF,37,13,61,0,600,-900,12.5,-108,-112,44.5,-112,-108,1,0.6923076923076923,23.615384615384617,20.692307692307693,0.4376897119841869,0.6621106645993524,1.2307692307692308,-0.46153846153846156,0.15384615384615385,15.461538461538462,27.46153846153846,0.26109425919797435,0.6597381753490351,2.4615384615384617,-0.6923076923076923
2025,REG,15,MIN,34,DAL,26,-8,60,0,215,-265,5.5,-110,-110,47.5,-102,-118,0,0.46153846153846156,29.307692307692307,29.692307692307693,0.3876622058183144,0.5809207886130963,2.230769230769231,-0.7692307692307693,0.38461538461538464,19.615384615384617,21.615384615384617,0.28744523450405796,0.6526683545080783,2.5384615384615383,-0.7692307692307693
2025,REG,15,MIA,15,PIT,28,13,43,0,145,-175,3.0,-102,-118,42.5,-105,-115,1,0.5384615384615384,23.692307692307693,23.923076923076923,0.3655059118860024,0.5968273341725354,2.769230769230769,0.6923076923076923,0.46153846153846156,21.615384615384617,22.76923076923077,0.33974358974358976,0.6359617946156407,2.3846153846153846,-0.23076923076923078
2025,REG,16,NYJ,6,NO,29,23,35,0,240,-298,6.5,-105,-115,39.5,-105,-115,1,0.2857142857142857,16.142857142857142,23.714285714285715,0.35688131313131305,0.690618132911366,2.0714285714285716,-0.14285714285714285,0.21428571428571427,19.714285714285715,28.357142857142858,0.3386720956325114,0.6833423787868724,1.5714285714285714,-1.3571428571428572
2025,REG,16,LV,21,HOU,23,2,44,0,900,-1600,14.5,-115,-105,39.5,-110,-110,1,0.6428571428571429,23.071428571428573,16.285714285714285,0.34214649729355606,0.6861183668044569,2.7142857142857144,0.8571428571428571,0.14285714285714285,14.0,25.928571428571427,0.30796344178697116,0.567345488066408,1.9285714285714286,-0.2857142857142857
2025,REG,16,SF,48,IND,27,-21,75,0,-225,185,-4.5,-105,-115,46.5,-118,-102,0,0.5714285714285714,28.0,21.642857142857142,0.3772423013494442,0.6336709858768683,2.5714285714285716,0.2857142857142857,0.7142857142857143,24.571428571428573,20.928571428571427,0.44660473255674493,0.6667650976474506,1.1428571428571428,-0.5
2025,REG,16,CIN,45,MIA,21,-24,66,0,-205,170,-3.5,-120,100,48.5,-112,-108,0,0.42857142857142855,21.142857142857142,23.142857142857142,0.33333333333333337,0.6415563603063602,2.4285714285714284,-0.2857142857142857,0.2857142857142857,22.428571428571427,31.214285714285715,0.37868927291196197,0.5675360317111754,1.7857142857142858,-0.35714285714285715
2025,REG,16,LA,37,SEA,38,1,75,1,102,-122,1.5,-110,-110,42.5,-105,-115,1,0.7857142857142857,28.928571428571427,17.285714285714285,0.3553635615085195,0.6962666884935792,3.0,0.21428571428571427,0.7857142857142857,30.0,18.642857142857142,0.3352064602064601,0.6698582978768737,2.642857142857143,0.6428571428571429
2025,REG,16,PIT,29,DET,24,-5,53,0,330,-425,7.5,-105,-115,52.5,-115,-105,0,0.5714285714285714,30.571428571428573,24.642857142857142,0.3679181094594628,0.6769099426054314,2.7857142857142856,0.6428571428571429,0.5714285714285714,24.0,23.285714285714285,0.3598065100165941,0.6077682388744972,2.857142857142857,0.7142857142857143
2025,REG,16,JAX,34,DEN,20,-14,54,0,145,-175,3.5,-120,100,46.5,-108,-112,0,0.8571428571428571,24.428571428571427,18.642857142857142,0.375629202730043,0.7246331893961597,4.142857142857143,0.14285714285714285,0.7142857142857143,26.857142857142858,20.857142857142858,0.3496084622660253,0.609214083744159,2.0,0.7142857142857143
2025,REG,16,ATL,26,ARI,19,-7,45,0,-148,124,-2.5,-115,-105,48.5,-105,-115,0,0.21428571428571427,21.571428571428573,27.714285714285715,0.3849753577667112,0.638666575696651,1.7857142857142858,-0.07142857142857142,0.35714285714285715,20.071428571428573,24.357142857142858,0.2743622448979592,0.6412669487498103,3.4285714285714284,0.0
2025,REG,16,KC,9,TEN,26,17,35,0,-185,154,-3.5,100,-120,37.5,-110,-110,1,0.14285714285714285,16.071428571428573,28.142857142857142,0.2619251887357814,0.6438640199669612,2.4285714285714284,-0.5714285714285714,0.42857142857142855,23.428571428571427,19.142857142857142,0.3708842161573254,0.6218894201037058,2.0714285714285716,-0.14285714285714285
2025,REG,16,MIN,16,NYG,13,-3,29,0,-148,124,-2.5,-118,-102,41.5,-115,-105,0,0.14285714285714285,21.428571428571427,28.285714285714285,0.3304725837436691,0.6509635089467022,2.2142857142857144,-0.42857142857142855,0.42857142857142855,20.642857142857142,21.928571428571427,0.2827864479124983,0.6664887467684902,2.5,-0.7857142857142857
2025,REG,16,LAC,34,DAL,17,-17,51,0,102,-122,1.5,-115,-105,50.5,-102,-118,0,0.42857142857142855,29.071428571428573,30.0,0.3709610592488744,0.5949820021248592,2.0714285714285716,-0.6428571428571429,0.7142857142857143,22.5,20.285714285714285,0.4311821830314754,0.6973053314688652,2.857142857142857,0.07142857142857142
2025,REG,16,BUF,23,CLE,20,-3,43,0,-575,425,-10.5,-110,-110,41.5,-118,-102,0,0.21428571428571427,16.142857142857142,23.714285714285715,0.2695069120765715,0.6737936875154918,3.357142857142857,-0.2857142857142857,0.7142857142857143,29.357142857142858,23.142857142857142,0.4217423915953328,0.620202713952714,2.2142857142857144,0.14285714285714285
2025,REG,16,TB,20,CAR,23,3,43,0,-155,130,-3.0,100,-120,44.5,-108,-112,1,0.5,18.857142857142858,22.642857142857142,0.3315033104396218,0.5966094363153187,1.6428571428571428,-0.07142857142857142,0.5,23.357142857142858,25.285714285714285,0.34968057735914876,0.6271272320116859,2.357142857142857,0.5
2025,REG,16,NE,28,BAL,24,-4,52,0,154,-185,3.5,-115,-105,48.5,-112,-108,0,0.5,23.928571428571427,22.857142857142858,0.33407366443080727,0.6647494070011761,1.5714285714285714,-0.14285714285714285,0.7857142857142857,27.285714285714285,19.714285714285715,0.384919028340081,0.6642714428428714,2.0714285714285716,0.0
2025,REG,16,PHI,29,WAS,18,-11,47,0,-380,300,-7.0,-120,100,43.5,-110,-110,0,0.2857142857142857,20.785714285714285,26.785714285714285,0.31601771244628385,0.6098743987841733,2.2142857142857144,-0.7142857142857143,0.6428571428571429,22.857142857142858,19.357142857142858,0.3254695648962566,0.6356156325859997,2.5,0.35714285714285715
2025,REG,16,GB,16,CHI,22,6,38,1,-102,-118,1.5,-115,-105,45.5,-115,-105,1,0.7142857142857143,26.071428571428573,24.142857142857142,0.39351206192205745,0.6594072594072594,2.0714285714285716,1.4285714285714286,0.7142857142857143,24.857142857142858,20.071428571428573,0.4560384993158103,0.6562406541563995,2.357142857142857,0.07142857142857142
2025,REG,17,SEA,27,CAR,10,-17,37,0,-305,245,-6.5,-118,-102,42.5,-110,-110,0,0.5333333333333333,19.133333333333333,22.466666666666665,0.3427364230769803,0.5901688072276308,1.6666666666666667,0.0,0.8,29.533333333333335,18.6,0.3559150816503758,0.6898489092606739,2.8,0.0
2025,REG,17,ARI,14,CIN,37,23,51,0,275,-345,7.0,-110,-110,52.5,-105,-115,1,0.3333333333333333,23.933333333333334,30.533333333333335,0.3867766547178312,0.5852558518193193,1.6666666666666667,-0.13333333333333333,0.2,21.4,27.6,0.3904214450267082,0.6316443595390965,1.7333333333333334,0.0
2025,REG,17,PIT,6,CLE,13,7,19,0,-205,170,-4.5,-108,-112,35.5,-112,-108,1,0.2,16.4,23.666666666666668,0.28963502270003816,0.6807259601996444,3.2666666666666666,-0.4,0.6,24.333333333333332,23.333333333333332,0.3691527426821545,0.607250356282864,2.8666666666666667,0.6
2025,REG,17,BAL,41,GB,24,-17,65,0,120,-142,2.5,-108,-112,38.5,-115,-105,0,0.6666666666666666,24.266666666666666,20.2,0.4564051634639871,0.6702690549904173,2.2,0.0,0.4666666666666667,23.933333333333334,23.2,0.3506909756909756,0.6680518274868119,1.7333333333333334,-0.13333333333333333
2025,REG,17,JAX,23,IND,17,-6,40,0,-225,185,-3.5,-115,-105,48.5,-108,-112,0,0.5333333333333333,27.933333333333334,23.4,0.37987059237059234,0.6156686777275013,2.466666666666667,0.2,0.7333333333333333,27.333333333333332,20.8,0.35767378046789816,0.6130442559389928,1.9333333333333333,0.8
2025,REG,17,HOU,20,LAC,16,-4,36,0,-102,-118,1.5,-115,-105,40.5,-105,-115,0,0.7333333333333333,23.266666666666666,20.066666666666666,0.4413255930515992,0.6952627538153853,2.7333333333333334,0.13333333333333333,0.6666666666666666,23.066666666666666,16.6,0.3467877111994759,0.6784723804460646,2.7333333333333334,0.8666666666666667
2025,REG,17,NYG,34,LV,10,-24,44,0,-162,136,-3.0,-102,-118,40.5,-112,-108,0,0.13333333333333333,14.466666666666667,25.733333333333334,0.31600397423926835,0.5687381418031573,1.8,-0.3333333333333333,0.13333333333333333,20.866666666666667,27.466666666666665,0.31628421541565976,0.640899275016922,2.3333333333333335,-0.3333333333333333
2025,REG,17,TB,17,MIA,20,3,37,0,-250,205,-5.5,-108,-112,44.5,-118,-102,1,0.4,21.133333333333333,24.6,0.32222222222222224,0.6321192696192696,2.4,-0.4666666666666667,0.4666666666666667,23.133333333333333,25.133333333333333,0.35970187220187216,0.6186520832109068,2.3333333333333335,0.4
2025,REG,17,NE,42,NYJ,10,-32,52,0,-950,625,-12.5,-120,100,42.5,-112,-108,0,0.2,18.8,28.4,0.3244272892570106,0.6730803378481397,1.6666666666666667,-1.3333333333333333,0.8,27.333333333333332,20.0,0.3783053788316947,0.6477644577644578,2.0,0.0
2025,REG,17,NO,34,TEN,26,-8,60,0,-120,100,-1.5,-110,-110,39.5,-118,-102,0,0.2,16.733333333333334,26.866666666666667,0.2777968428200627,0.6615458125752244,2.533333333333333,-0.5333333333333333,0.3333333333333333,17.0,22.533333333333335,0.3644617746088334,0.7029102573839415,2.466666666666667,-0.06666666666666667
2025,REG,17,PHI,13,BUF,12,-1,25,0,142,-170,3.0,-108,-112,45.5,-115,-105,0,0.7333333333333333,28.933333333333334,22.933333333333334,0.40844104697045874,0.607427294927295,2.2666666666666666,0.26666666666666666,0.6666666666666666,23.266666666666666,19.266666666666666,0.3280140181455971,0.648796812635822,2.466666666666667,0.3333333333333333
2025,REG,17,DEN,20,KC,13,-7,33,0,-1100,700,-13.5,-105,-115,37.5,100,-120,0,0.4,22.466666666666665,19.6,0.3522192078074431,0.6137634587634587,2.066666666666667,-0.13333333333333333,0.8,24.133333333333333,19.666666666666668,0.3728094781035957,0.7116184277501412,4.2,0.0
2025,REG,17,CHI,38,SF,42,4,80,0,170,-205,3.5,-105,-115,51.5,-112,-108,1,0.7333333333333333,26.133333333333333,21.333333333333332,0.45925532614387105,0.6612029800265095,1.2,-0.4,0.7333333333333333,25.8,23.6,0.3761668133494759,0.6513442113442114,2.066666666666667,1.4
2025,REG,17,LA,24,ATL,27,3,51,0,-380,300,-7.5,-102,-118,48.5,-105,-115,1,0.4,20.466666666666665,24.0,0.2871825396825397,0.6340713743887119,3.3333333333333335,-0.06666666666666667,0.7333333333333333,30.466666666666665,19.933333333333334,0.3395260295260295,0.6676253204426579,2.7333333333333334,0.8
2025,REG,17,DAL,30,WAS,23,-7,53,0,-500,380,-8.5,-120,100,50.5,-108,-112,0,0.26666666666666666,20.6,26.933333333333334,0.3060609760609761,0.6116403479561375,2.2,-0.6666666666666666,0.4,28.266666666666666,30.266666666666666,0.3684525441878383,0.5830943130943129,1.9333333333333333,-0.6666666666666666
2025,REG,17,DET,10,MIN,23,13,33,0,-360,285,-7.0,-120,100,45.5,-115,-105,1,0.4666666666666667,20.333333333333332,21.333333333333332,0.2972673513849984,0.6808796930623556,2.6666666666666665,-0.8,0.5333333333333333,30.133333333333333,24.933333333333334,0.3700569021621653,0.665115946431736,2.7333333333333334,0.6666666666666666
2025,REG,18,NO,17,ATL,19,2,36,0,170,-205,4.5,-115,-105,43.5,-112,-108,1,0.4375,20.875,24.0,0.28876488095238095,0.6346204849179887,3.3125,0.125,0.375,18.0625,22.75,0.3700920046048722,0.7030960133562687,2.5625,-0.0625
2025,REG,18,NYJ,8,BUF,35,27,43,0,550,-800,12.5,-112,-108,39.5,-115,-105,1,0.6875,27.875,22.3125,0.40497230506421683,0.6175400120712622,2.1875,0.1875,0.1875,18.25,29.25,0.32368183367844744,0.668512816732631,1.625,-1.3125
2025,REG,18,DET,19,CHI,16,-3,35,0,150,-180,3.5,-110,-110,51.5,-115,-105,0,0.6875,26.5625,24.75,0.3815025413612875,0.6333624708624709,2.0,1.375,0.5,28.875,24.8125,0.3692497743484585,0.6735461997797525,3.0,0.25
2025,REG,18,CLE,20,CIN,18,-2,38,0,350,-455,9.5,-112,-108,47.5,-118,-102,0,0.375,24.75,29.5,0.4016656137979667,0.5977845039377547,1.8125,-0.125,0.25,16.1875,22.5625,0.2923661671146191,0.6896511759224607,3.1875,-0.5
2025,REG,18,LAC,3,DEN,19,16,22,0,900,-1600,14.5,-108,-112,37.5,-105,-115,1,0.8125,23.875,19.25,0.38770333016656544,0.708808942682424,4.0,-0.0625,0.6875,22.8125,20.0625,0.43718024348587425,0.6998857547788468,2.5625,0.1875
2025,REG,18,IND,30,HOU,38,8,68,0,400,-535,9.5,-110,-110,37.5,-108,-112,1,0.6875,22.875,16.5625,0.33953655617258555,0.6751303566681855,2.875,0.75,0.5,27.25,23.375,0.37696201368076365,0.6123456353695325,2.4375,0.1875
2025,REG,18,TEN,7,JAX,41,34,48,0,525,-750,12.5,-110,-110,46.5,-112,-108,1,0.75,27.0625,20.5625,0.3626629191886545,0.6163956566094724,1.9375,0.75,0.1875,17.3125,27.3125,0.2788168930849852,0.6542901083801819,2.5,-0.5
2025,REG,18,ARI,20,LA,37,17,57,0,800,-1350,14.5,-115,-105,49.5,-108,-112,1,0.6875,30.0625,20.375,0.3406270812520812,0.6688674879149917,2.5625,0.5625,0.1875,20.9375,28.1875,0.37941296185539614,0.6156040870679029,1.8125,0.0
2025,REG,18,KC,12,LV,14,2,26,0,-225,185,-3.5,-112,-108,36.5,-118,-102,1,0.125,14.1875,26.25,0.3087537258493141,0.57225450794046,1.8125,-0.4375,0.375,21.875,19.625,0.3510388406528112,0.5997087981462982,2.0,-0.0625
2025,REG,18,GB,3,MIN,16,13,19,0,470,-650,12.5,-108,-112,37.5,-118,-102,1,0.5,20.5,20.625,0.291188141923436,0.6785032836745298,2.8125,-0.375,0.625,24.25,21.5,0.45466555503320216,0.6492105723868496,2.125,-0.125
2025,REG,18,MIA,10,NE,38,28,48,0,650,-1000,14.0,-112,-108,44.5,-112,-108,1,0.8125,28.25,19.375,0.37966129265471377,0.6502479291541792,1.9375,0.0625,0.4375,21.0625,24.125,0.3213141025641026,0.6262656614219113,2.4375,-0.25
2025,REG,18,DAL,17,NYG,34,17,51,0,-166,140,-3.0,-115,-105,50.5,-115,-105,1,0.1875,21.6875,26.375,0.319953951952181,0.6508430703283644,2.4375,-0.1875,0.4375,28.375,29.8125,0.3681515329033711,0.6013384185259184,1.9375,-0.625
2025,REG,18,WAS,24,PHI,17,-7,41,0,150,-180,3.0,-105,-115,38.5,-108,-112,0,0.6875,22.625,18.8125,0.3219362189345742,0.6486881883166713,2.625,0.375,0.25,20.75,27.125,0.29474466505716507,0.6131855534816062,2.4375,-0.625
2025,REG,18,BAL,24,PIT,26,2,50,0,-225,185,-4.5,-105,-115,41.5,-110,-110,1,0.5625,23.1875,22.6875,0.3571101080292257,0.6109638756818516,2.8125,0.6875,0.5,25.0,23.25,0.37043945637695636,0.6620128739831719,1.75,0.0
2025,REG,18,SEA,13,SF,3,-10,16,0,-148,124,-2.5,-120,100,47.5,-105,-115,0,0.75,27.125,22.375,0.4703245955326064,0.6535316399286988,1.125,-0.4375,0.8125,29.375,18.0625,0.3649203890472273,0.7035515342500636,2.75,0.0
2025,REG,18,CAR,14,TB,16,2,30,0,130,-155,3.0,-115,-105,43.5,-118,-102,1,0.4375,22.75,24.8125,0.366066659035409,0.6232555587794558,2.3125,0.1875,0.5,18.5625,22.75,0.32699721481648725,0.5845332567759038,1.75,0.0
